{
  "IcoMoonType": "selection",
  "icons": [
    {
      "icon": {
        "paths": [
          "M669.184 0h-314.368c-286.891 0-354.816 67.925-354.816 354.816v314.368c0 286.891 67.925 354.816 354.816 354.816h314.368c286.891 0 354.816-67.925 354.816-354.816v-314.368c0-286.891-68.651-354.816-354.816-354.816zM826.709 730.581h-74.411c-28.16 0-36.864-22.4-87.467-73.685-44.075-42.667-63.573-48.427-74.411-48.427-15.189 0-19.541 4.352-19.541 25.301v67.2c0 18.091-5.76 28.928-53.461 28.928-78.763 0-166.229-47.701-227.627-136.619-92.501-130.048-117.845-227.627-117.845-247.851 0-10.837 4.352-20.949 25.301-20.949h74.411c18.773 0 26.027 8.661 33.28 28.885 36.821 106.24 98.261 199.467 123.563 199.467 9.387 0 13.739-4.352 13.739-28.16v-109.909c-2.901-50.603-29.653-54.912-29.653-72.96 0-8.704 7.253-17.365 18.773-17.365h117.077c15.915 0 21.675 8.661 21.675 27.435v148.181c0 15.872 7.253 21.675 11.563 21.675 9.387 0 17.365-5.803 34.688-23.125 53.504-59.989 91.776-152.491 91.776-152.491 5.077-10.837 13.739-20.949 32.555-20.949h74.411c22.4 0 27.477 11.52 22.4 27.435-9.387 43.392-100.437 171.989-100.437 171.989-7.936 13.013-10.837 18.773 0 33.28 7.936 10.837 33.963 33.237 51.328 53.461 31.787 36.139 56.32 66.475 62.848 87.467 7.253 20.907-3.627 31.744-24.533 31.787z"
        ],
        "attrs": [
          {
            "fill": "rgb(70, 128, 194)"
          }
        ],
        "isMulticolor": false,
        "isMulticolor2": false,
        "tags": [
          "vk"
        ],
        "grid": 0
      },
      "attrs": [
        {
          "fill": "rgb(70, 128, 194)"
        }
      ],
      "properties": {
        "id": 865,
        "order": 2,
        "prevSize": 32,
        "name": "vk"
      },
      "setIdx": 1,
      "setId": 2,
      "iconIdx": 864
    },
    {
      "icon": {
        "paths": [
          "M896 256v-128h-896v704c0 35.346 28.654 64 64 64h864c53.022 0 96-42.978 96-96v-544h-128zM832 832h-768v-640h768v640zM128 320h640v64h-640zM512 448h256v64h-256zM512 576h256v64h-256zM512 704h192v64h-192zM128 448h320v320h-320z"
        ],
        "tags": [
          "newspaper",
          "news",
          "paper"
        ],
        "defaultCode": 59652,
        "grid": 16,
        "attrs": []
      },
      "attrs": [],
      "properties": {
        "ligatures": "newspaper, news",
        "name": "newspaper",
        "order": 3,
        "id": 5,
        "prevSize": 32
      },
      "setIdx": 2,
      "setId": 1,
      "iconIdx": 4
    }
  ],
  "height": 1024,
  "preferences": {
    "showGlyphs": true,
    "showQuickUse": true,
    "showQuickUse2": true,
    "showSVGs": true,
    "fontPref": {
      "prefix": "icon-",
      "metadata": {
        "fontFamily": "icomoon"
      },
      "metrics": {
        "emSize": 1024,
        "baseline": 6.25,
        "whitespace": 50
      },
      "embed": false
    },
    "imagePref": {
      "prefix": "icon-",
      "png": true,
      "useClassSelector": true,
      "color": 0,
      "bgColor": 16777215,
      "classSelector": ".icon",
      "name": "icomoon"
    },
    "historySize": 50,
    "showCodes": true,
    "gridSize": 16
  }
}